class_name,image_id,edge_rho,p
Pneumothorax,05d676834dbed1639cb5eea70c1e307b,0.1270819262015314,0.0
Pneumothorax,2f5a3aa315379bb01b8b4c9a1ece8e2e,0.6008435862329784,0.0
Pneumothorax,3479c81736f275a848b74d952ebfab29,0.4854728836798645,0.0
Pneumothorax,3c63e58fcda26e02fdd6619515399985,0.4754707484721249,0.0
Pneumothorax,4308b795084095f21117491e3b07f2a7,0.4981503111826432,0.0
Pneumothorax,6d08a56a5d1e0918469413c81abc33bc,0.5514915601016329,0.0
Pneumothorax,76f84c8d0216ec44b47059fa80049995,0.5639905595796891,0.0
Pneumothorax,7a9bbc3d02750c716fa773dcae80363b,0.39697942806929676,0.0
Pneumothorax,826ef40d8bd63f54f66cc620ad52c8e9,0.4937732976786477,0.0
Pneumothorax,a68ee14d5193f59a98c5ff0e150c8174,0.5083502471992503,0.0
Pneumothorax,a995b7251057480098c9c9d34b615b2a,0.5819413871336405,0.0
Pneumothorax,af201da8a5f8354c4c3291995d5cbafd,0.1671827619536721,0.0
Pneumothorax,b73a869bb8f8397e10c6910a0bd8072f,0.5182201522419979,0.0
Pneumothorax,d1bcef094e9b8c86c70192220b8e1648,0.12385186014374729,0.0
Pneumothorax,e3a37326d6d7c5c35e6f84cfbb8187ca,0.5170655680441103,0.0
Pneumothorax,e3c5ff1eb0d55039f3bbc3c4875543c3,0.4090148843225542,0.0
Pneumothorax,e4be367babe3680af9278fa53a5f6224,0.6414712005571231,0.0
Pneumothorax,f9a0f4bd4bb3553af6e939362bbba5d6,0.3447470941239101,0.0
Consolidation,01570ee44031e4ebab6031501293bf66,0.620692351459932,0.0
Consolidation,05d676834dbed1639cb5eea70c1e307b,0.11751879154820545,0.0
Consolidation,0c5ff01c7bfb4362fcd98f36e555b08c,0.6963867616440608,0.0
Consolidation,0e6af94d17007c94d858b3bb7adb7dac,0.46485064207780313,0.0
Consolidation,11dbd33fc77075c94a202362ed8e197e,0.22565380790611478,0.0
Consolidation,1d2cef0157f477b7b635a86a85b6f9e4,0.7507631513524512,0.0
Consolidation,1fce42f55a0de66eb161fc831cd33cc3,0.37262506937004164,0.0
Consolidation,24e9b243d734e26d9de71aa3e08ef9b0,0.6332854283863588,0.0
Consolidation,25207f1f73016eb9d84327860e5c9b49,0.6382979819269933,0.0
Consolidation,271f9008a6ac0c2fbed2ee6d40ff8750,0.15170561565136573,0.0
Consolidation,2f111f79e145a2062200644c1e77dbd4,0.489599816191419,0.0
Consolidation,3115c1b6368f91b45f691edbd63f1a78,0.5009478626478644,0.0
Consolidation,3283c0e38a77249f38ca0c949862726a,0.5150384052194944,0.0
Consolidation,34557d39d42d74a3355d509f340cfc8a,0.5483681529003626,0.0
Consolidation,39fba09b48f252efaa54f0d093a8294d,0.37828460684182313,0.0
Consolidation,3c63e58fcda26e02fdd6619515399985,0.47815173673923744,0.0
Consolidation,4068af795c7cb80fec0883dab82f4fbf,0.5105498501719041,0.0
Consolidation,420e72f8ebc531f2eaed5ee48a3203b4,0.3088161414795302,0.0
Consolidation,4cccd244506af875fc9d2a32ad2b4b96,0.5543616167052975,0.0
Consolidation,56923ac65e4a3bf6e8ec0af530c4a205,0.3310322287977134,0.0
Consolidation,5714aea8b5a2d9b030196646842a6d47,0.4879820188370733,0.0
Consolidation,59b1dc77610f1c18cf6524b476128321,0.33836271832627063,0.0
Consolidation,665ba9b5664d7055c1d0ac1a44ea1ea9,0.48591690961886586,0.0
Consolidation,66c03db83615b5c925b5bbdcd4a3c326,0.47987038441911917,0.0
Consolidation,768db39e794f0d37d296c418e50d8126,0.3445927123425999,0.0
Consolidation,76f84c8d0216ec44b47059fa80049995,0.5550629693843016,0.0
Consolidation,7a99127d0a0c6a00aad2115a6ff9e653,0.3360939484382452,0.0
Consolidation,835b1552b7be3350d697503504211aa4,0.45394636264819005,0.0
Consolidation,888880bfaaf252cc1f400ff43ee21451,0.532400794334011,0.0
Consolidation,89e6ab133f587191383608ee04cea79a,0.5996254017787683,0.0
Consolidation,8ac12a69ad57ca73535e04b6cfba5edb,0.5097828551437199,0.0
Consolidation,92e9e7ccc49692f0c6fa6917d7289f6f,0.1773361427210646,0.0
Consolidation,9394d988f22d6f03b220ce1b1af919ca,0.6125472391129335,0.0
Consolidation,a4b41309551add1836dd1f0e96e7c594,0.6202759665298401,0.0
Consolidation,a946684583c7bf346b18e1d69d17e9cf,0.36628407704820626,0.0
Consolidation,ae127045cca13da6dbfee11df1f08c7e,0.3270051901649328,0.0
Consolidation,afb41a2217d37b54f0427fc1c69336be,0.5809380464077449,0.0
Consolidation,b4105a81821522d6bfe3d18d9b757eb4,0.6184651105367682,0.0
Consolidation,b7cde19a331d3ba71fcb8efc361af419,0.2935404413832952,0.0
Consolidation,bd3fe876153eeddad8bab49b129ea081,0.5434111703679007,0.0
Consolidation,be85b7d55e0ef589729ef4dd6ffc38fb,0.6438690787366997,0.0
Consolidation,c6c19cc8f966c6353e663a4e299d9a39,0.4932867531173484,0.0
Consolidation,d1713f5cf5838c1592e5f712b5d4928e,0.27387953508232443,0.0
Consolidation,d59d5dcc1601a29509f91dab5f8550bc,0.6230190257178791,0.0
Consolidation,db8d818bc4047e5c02af17c31bb78009,0.5074478201915935,0.0
Consolidation,e1e596163010acb347ac7fa1a48d8d9c,0.33920747671053353,0.0
Consolidation,e7ee695015acda8604f34f0da3849efb,0.5251766162119215,0.0
Consolidation,f9a0f4bd4bb3553af6e939362bbba5d6,0.3435299853190606,0.0
Consolidation,fa9cd1a78a6d2d8d6e918a8c4125faf4,0.4247060831069746,0.0
Consolidation,fb2b28e4c2d24f22d4f67804eef69ecf,0.4332630983373845,0.0
Consolidation,fc34c8cc6321cfc97ec35783a5daa937,0.6189637261798964,0.0
Consolidation,fc50039c45fdb6c9224bfff5ba4e64b3,0.4588033991221281,0.0
Consolidation,fd1bd078f5f30ad02ed984c94077bbdb,0.6630971704682512,0.0
Consolidation,fdcdbc6befee8ab9553039895835bad8,0.11638782631301604,0.0
Nodule/Mass,008b3176a7248a0a189b5731ac8d2e95,0.34693494049623586,0.0
Nodule/Mass,010018c93ed33ae56ed048ee54867e46,0.5161845153809893,0.0
Nodule/Mass,0853ab3a3dbadae1e6f28b933ddff809,0.5861341580602025,0.0
Nodule/Mass,0a425edf1164ad0a73e8b092c4cc8b3b,0.3984557423117031,0.0
Nodule/Mass,0c5ff01c7bfb4362fcd98f36e555b08c,0.7101663193002057,0.0
Nodule/Mass,0f389422bffe0f96dc3da175550e0c5b,0.598142276041172,0.0
Nodule/Mass,11dbd33fc77075c94a202362ed8e197e,0.20770968612604812,0.0
Nodule/Mass,12ede510c82b53705e33fa758ff03131,0.33042106476735733,0.0
Nodule/Mass,15c3fc505c414c69ba757cb3be3ed213,0.44487332945754704,0.0
Nodule/Mass,1aebe196c344ddae48ec99b142bcf4c2,0.1874704189915063,0.0
Nodule/Mass,1b2a7adb5705d9e3f5b63939046d93c7,0.4845963087122301,0.0
Nodule/Mass,1c1ef26e3b3323f74041f6dd2371cd24,0.6299648351086172,0.0
Nodule/Mass,1dca2f734825798b81f034da81d257f4,0.43363897779174376,0.0
Nodule/Mass,1e380cbe7d0d59de0527d31486a24fa2,0.4492382194776253,0.0
Nodule/Mass,231a4b73de5ac7e0218f736b6b6ff1f2,0.37458389367426453,0.0
Nodule/Mass,23c9516db65572bae3125bcaead302d3,0.1851481780747096,0.0
Nodule/Mass,23ca1279bcbf10d8dc39e769e145a516,0.6751506110869226,0.0
Nodule/Mass,23e3c7a5073d74c1d2daed5ad73fb254,0.5116256992537415,0.0
Nodule/Mass,27e113d3d158dbdd548b534c26164e55,0.3729309927256537,0.0
Nodule/Mass,2c5d9c4fdfc633cb9a6af8ead0c45f19,0.5030320752020905,0.0
Nodule/Mass,2e37a70ea49570b31cb4b83e5a109a7e,0.5035158717615124,0.0
Nodule/Mass,2ebb05b4c603d590854c621fa4f1fd5c,0.03943458236145861,1.0139563001469307e-90
Nodule/Mass,2fdd72337c9a875cf679564355b4bef2,0.47982779612826854,0.0
Nodule/Mass,30d24189cf005a9baf02929afd518832,0.188228337195307,0.0
Nodule/Mass,31873abb42a5af56c33d1681971d014b,0.7078735164955575,0.0
Nodule/Mass,3312ab0661750f9899b4589eae97731a,0.32565643886890977,0.0
Nodule/Mass,33d11e9c98ade6b3937407364fd07103,0.2340308097821468,0.0
Nodule/Mass,34557d39d42d74a3355d509f340cfc8a,0.549930129714276,0.0
Nodule/Mass,37111bde86ae8d81aa66f2f46f89c03b,0.279576555547008,0.0
Nodule/Mass,3a302fbbbf3364aa1a7731b59e6b98ec,0.16994447529609932,0.0
Nodule/Mass,3aefb8dc3f0615131c0dc1477b4e3133,0.08518344902529636,0.0
Nodule/Mass,3bb06e20b2595be65d7a95e948b2169c,0.21681816002615228,0.0
Nodule/Mass,3bf462b3f48c0a1c35912a77a84f318d,0.4014414457272249,0.0
Nodule/Mass,3cf29ab62dd4b9866c7e055c59098d3e,0.4873095303989768,0.0
Nodule/Mass,3d592a653c8fefc7c85a43cf64c3c0f0,0.3608452658341276,0.0
Nodule/Mass,4068af795c7cb80fec0883dab82f4fbf,0.5090550224011692,0.0
Nodule/Mass,4142e0645234ffd87a9fa0b8aaa6bbb5,0.4872256900404336,0.0
Nodule/Mass,4308b795084095f21117491e3b07f2a7,0.47461239746283607,0.0
Nodule/Mass,47413ec6c79b4795ea7849cea26ece84,0.38286660493264035,0.0
Nodule/Mass,4899401111bd09c261554c3b55009e08,0.5325594991291122,0.0
Nodule/Mass,4adeb5e5837fa7187535346c27d1afa6,0.5695750164394836,0.0
Nodule/Mass,4cccd244506af875fc9d2a32ad2b4b96,0.5570133484080307,0.0
Nodule/Mass,50625148e666a338a8588bd1b1e0b7f3,0.5786753379830961,0.0
Nodule/Mass,52e2c09b396b3591287d7040a9df8177,0.28506993599602715,0.0
Nodule/Mass,5714aea8b5a2d9b030196646842a6d47,0.48575907287181214,0.0
Nodule/Mass,59b1dc77610f1c18cf6524b476128321,0.34777938000082614,0.0
Nodule/Mass,5a0fbc7c40ea94bef4c8342d47c05b26,0.016996561701147786,3.237181376958144e-18
Nodule/Mass,624fadcfe3f204dd43ce49bdce00c0f4,0.39832641921966094,0.0
Nodule/Mass,665ba9b5664d7055c1d0ac1a44ea1ea9,0.4792294832331311,0.0
Nodule/Mass,66728ec6afc52c3ebc77242449757162,0.6703743931544834,0.0
Nodule/Mass,66c03db83615b5c925b5bbdcd4a3c326,0.45991013991611546,0.0
Nodule/Mass,6bb7769006f10cb8681b95246a90902c,0.7068535744633894,0.0
Nodule/Mass,6d55788f759da917cf8b89f300764dee,0.21873324301836775,0.0
Nodule/Mass,6e3dce43de58cedd6cca477f98b6c94f,0.05777671475047669,1.2409218020632377e-192
Nodule/Mass,735023a2b17a5222636abc2784772804,0.6333852286086933,0.0
Nodule/Mass,78dba36bdd34da385efcca7bb9ff5fde,0.4070892327254712,0.0
Nodule/Mass,7aff3521c214e535c920bdbd0b1a8a45,0.37102640803994147,0.0
Nodule/Mass,7c6bf9b40c9b53c6b49b00c0fa1e61e5,0.6122932975235869,0.0
Nodule/Mass,835b1552b7be3350d697503504211aa4,0.4496490167484732,0.0
Nodule/Mass,85e4008def6c48bf43bcf70a5d1e2273,0.4876920437809191,0.0
Nodule/Mass,888880bfaaf252cc1f400ff43ee21451,0.458321094233553,0.0
Nodule/Mass,88bf02cc510da5050a869c290d8f8565,0.6095633919640077,0.0
Nodule/Mass,8d6a0dcadf3c7322e146e729f4ac4ebf,0.3410845346503228,0.0
Nodule/Mass,8e8f6687544bfcd254e60e5e28b260d6,0.11877418125131727,0.0
Nodule/Mass,8fd4e7599250d006e579f1ffcb28b1b1,0.6023137318709243,0.0
Nodule/Mass,924c710624ba217ea2a275babf7903a6,0.30032873351224526,0.0
Nodule/Mass,9394d988f22d6f03b220ce1b1af919ca,0.6121291609726608,0.0
Nodule/Mass,97e5e230f793b64aba05a318d6fdf4c4,0.48124936804765084,0.0
Nodule/Mass,97f48290716a3cad241bf74f3ce47143,0.6278937320367302,0.0
Nodule/Mass,98617a2bbd11c4afa7be664889cdd6de,0.3560107816251675,0.0
Nodule/Mass,9a3d018df521eaab6b4eec203a19970b,0.6228841267188169,0.0
Nodule/Mass,9e9cc9d084546cb6d7f7ddba63411a81,0.15429612482783517,0.0
Nodule/Mass,9eba0d101f410f9cdfae46cb094ae2a6,0.34417281571443425,0.0
Nodule/Mass,a4b41309551add1836dd1f0e96e7c594,0.6073180383544653,0.0
Nodule/Mass,a5bdf59cbdda3f531f057d3c1840fef1,0.4167982813853155,0.0
Nodule/Mass,a5c5bca04df42e9949aa48cee3ad67c7,0.5453464597060472,0.0
Nodule/Mass,a68ee14d5193f59a98c5ff0e150c8174,0.4375054936948315,0.0
Nodule/Mass,a838e79ba2e9716bc790a76f7ae1c94e,0.6132685789933597,0.0
Nodule/Mass,a946684583c7bf346b18e1d69d17e9cf,0.4163065966746671,0.0
Nodule/Mass,abffa843a8032bc9d0fd85b85ee99ca3,0.6699955357861405,0.0
Nodule/Mass,ad21e3f856bd69daf2ee8b6699bd32cf,0.5023235589136943,0.0
Nodule/Mass,b01037a08ba72220deddf845bfd02466,0.36952101359528833,0.0
Nodule/Mass,b29679d2251dd63917530a6eb83e0493,0.5539708887640958,0.0
Nodule/Mass,b5632581be1d7da89d9d01a9983c4afa,0.23659462594650485,0.0
Nodule/Mass,b7cde19a331d3ba71fcb8efc361af419,0.29722390967864515,0.0
Nodule/Mass,b9e484fa14cf5877736daa59b2ce2b24,0.5696336508384376,0.0
Nodule/Mass,bd3fe876153eeddad8bab49b129ea081,0.5455346451639939,0.0
Nodule/Mass,be53fe5a49231f1c1be020b0bdd8561f,0.6268232838858474,0.0
Nodule/Mass,be85b7d55e0ef589729ef4dd6ffc38fb,0.6426019742588324,0.0
Nodule/Mass,c5ad7caaee32f3d5647a993ab299b1c1,0.4858723163378675,0.0
Nodule/Mass,c5dfd21f7ffbb5183cb8a2b7874de381,0.40689770480276133,0.0
Nodule/Mass,c6c19cc8f966c6353e663a4e299d9a39,0.5022451588350266,0.0
Nodule/Mass,c71ce6345cf70b23ab481a2d66e9c288,0.3154910633996841,0.0
Nodule/Mass,ccce794d56a43641c1bb3d6b0253e794,0.43036411229518806,0.0
Nodule/Mass,d07557904cbe57fc1bdebac1e8aeefa1,0.5289194596845479,0.0
Nodule/Mass,d0ea942db524a895c4bc433e03c3cd3a,0.41643163037419834,0.0
Nodule/Mass,d1dfd6ac02ac34ebaf9788ec9b2de1f3,0.36397888299633674,0.0
Nodule/Mass,d45374a1b323c34b8418b36b819783e3,0.5154954195609577,0.0
Nodule/Mass,d59d5dcc1601a29509f91dab5f8550bc,0.6094081867212521,0.0
Nodule/Mass,d7210d8d2f377ab74e46acfb4a158e79,0.6103840717572722,0.0
Nodule/Mass,edb4d2772dc7746b93dc0d7e181a25ef,0.34310458511939806,0.0
Nodule/Mass,f1e4056384e1926c3ae33882e0dc00cb,0.1497034154854964,0.0
Nodule/Mass,f3bdfeef73cd67f5583466d3df2829df,0.252142554786143,0.0
Nodule/Mass,f52c1bf308db55a73521eb1a048b1c92,0.23181592615783903,0.0
Nodule/Mass,fa9cd1a78a6d2d8d6e918a8c4125faf4,0.42506574478511383,0.0
Nodule/Mass,fc50039c45fdb6c9224bfff5ba4e64b3,0.4545503084429498,0.0
Nodule/Mass,fd1bd078f5f30ad02ed984c94077bbdb,0.6591724993024046,0.0
Nodule/Mass,fdcdbc6befee8ab9553039895835bad8,0.1007715990455324,0.0
Nodule/Mass,dadf619a987c90a4f2c250ae26ed2041,0.10069570948481375,0.0
Nodule/Mass,db8d818bc4047e5c02af17c31bb78009,0.5365805209196751,0.0
Nodule/Mass,e1eb9553f694d0eba82535625d70186c,0.5619984787502909,0.0
Nodule/Mass,e3d5edcf6b873d7738cd50ccaf6182ef,0.5416114569676748,0.0
Nodule/Mass,e531672ae6083e717cbe83d7fc71ddda,0.6580035721045246,0.0
Nodule/Mass,e7ee695015acda8604f34f0da3849efb,0.5226376282572611,0.0
Nodule/Mass,eaa4b09922cfd1c4130787403173e93a,0.14022665593912875,0.0
Nodule/Mass,ed12402a2b76cda47517d5073b35eb9a,0.38224414372853927,0.0
Nodule/Mass,ed1a545ab109f23cd065a5e5e512df1a,0.6401971647525736,0.0
Cardiomegaly,008b3176a7248a0a189b5731ac8d2e95,0.33011946539223713,0.0
Cardiomegaly,010018c93ed33ae56ed048ee54867e46,0.5227026889011852,0.0
Cardiomegaly,011244ab511b20130d846f5f8f0c3866,0.5814777250870676,0.0
Cardiomegaly,01570ee44031e4ebab6031501293bf66,0.6196006694511134,0.0
Cardiomegaly,01c2b9fcb0384c84648ed76c736552a8,0.3243260131551533,0.0
Cardiomegaly,02a4774868d677ef8ecff2168c0161c0,0.5976651192312004,0.0
Cardiomegaly,03431b577d1ccf075e930c4c4913c079,0.3763993058315277,0.0
Cardiomegaly,0391d2388a2442f14d055d5089a747c6,0.5512759075944988,0.0
Cardiomegaly,039c6997248b3a6ba3c909af35fce0eb,0.4409031786046847,0.0
Cardiomegaly,0452d38f45e4e79f91821e88bb812608,0.4066834666391112,0.0
Cardiomegaly,04fbba5834f2abd713e66b3d0e6a678e,0.6481443824864414,0.0
Cardiomegaly,051132a778e61a86eb147c7c6f564dfe,0.5723207837744885,0.0
Cardiomegaly,08726b7ba2f04a33ff1b878b75498776,0.667270017048123,0.0
Cardiomegaly,088006f2453c4183b1ef46fb607bc31c,0.17123546253180166,0.0
Cardiomegaly,0a678538e529b9f1089c47bb2ffcda9b,0.5648967379799996,0.0
Cardiomegaly,0b22826cc68b8d3177c5be2f4e1ae720,0.5794982186026056,0.0
Cardiomegaly,0bef06d948ac1fe20ade505ba9960885,0.5207789551419643,0.0
Cardiomegaly,0d3b1464574b7db3d664dc0aa0b66549,0.4909674109516314,0.0
Cardiomegaly,0d5597f8b17330d498fc5e13893e3081,0.6169519039992046,0.0
Cardiomegaly,0e8291c45a5ef61d2d9ecfcf3224899d,0.654380822337268,0.0
Cardiomegaly,0f389422bffe0f96dc3da175550e0c5b,0.5984324784482545,0.0
Cardiomegaly,0f76d35a022a7188cad9a83e283fdc8f,0.6766166695508201,0.0
Cardiomegaly,0ffa24230f7064bcdb313507dce02ae3,0.49689556829543835,0.0
Cardiomegaly,10e7dac260f11046164aa94f2d8add9f,0.3518067240087487,0.0
Cardiomegaly,113274a4ca3c2e72b7ff1bd3ce5006b6,0.5426872802128221,0.0
Cardiomegaly,1133414000e82176ab7852aeacc762eb,0.1649062429677473,0.0
Cardiomegaly,119bc2dba30b0ba7995e189504126ed1,0.4758139148549677,0.0
Cardiomegaly,11e41fba7056177c8654b7b7408a4ed3,0.40873263000797033,0.0
Cardiomegaly,1250c704cc9307bf84b43f1aca4d997b,0.3960419197404158,0.0
Cardiomegaly,126ae7336c7776a82bf3c15c0c6751c0,0.579139364073662,0.0
Cardiomegaly,150d9b226334d9f3471d088307cdc5fd,0.6533937690153864,0.0
Cardiomegaly,153da4dfa81a43cdf1176f7859a567e5,0.32611131719370834,0.0
Cardiomegaly,159c46115f7d74337f83074f1b99114d,0.4122044171048979,0.0
Cardiomegaly,16f1b7bb98b1a38f6fee5caf9460e4e1,0.37703990912244356,0.0
Cardiomegaly,181a28291c7bc0a6a721a5759c01fd34,0.636309667633375,0.0
Cardiomegaly,18e5f8a372c20c95b78d49ce1ab39f16,0.4850490603835817,0.0
Cardiomegaly,1912296cce436028085697480121b4eb,0.6489958383720801,0.0
Cardiomegaly,1a39c8cd556ab64679d04d440466a2f5,0.6147020424875088,0.0
Cardiomegaly,1b2a7adb5705d9e3f5b63939046d93c7,0.4796700319704867,0.0
Cardiomegaly,1b420f79b18aeb2c7644d4998d313f37,0.05146799892010351,3.1109458035296123e-153
Cardiomegaly,1c1ef26e3b3323f74041f6dd2371cd24,0.6241938604816918,0.0
Cardiomegaly,1d0b8741c4689494aed1c1859eb891dc,0.473547671584627,0.0
Cardiomegaly,1d37efa5bcce26d6cc9a224f99db3f0e,0.6288061602340052,0.0
Cardiomegaly,1dd24b51bb2c4e67bf02641925881174,0.5709679566631422,0.0
Cardiomegaly,1f5a95707791ca66198f87bf0d11e89e,0.6420986487698546,0.0
Cardiomegaly,21086ab046da90a4526e5604670a96ce,0.35198145784181595,0.0
Cardiomegaly,21992194880ed480bd0232be383b8268,0.390981240308795,0.0
Cardiomegaly,2229148faa205e881cf0d932755c9e40,0.6041001391437575,0.0
Cardiomegaly,238b1299945de447d94124e14734edab,0.4747889937226122,0.0
Cardiomegaly,23b0639cd035140def992b0ee7fc34f2,0.4592862491698624,0.0
Cardiomegaly,23c9516db65572bae3125bcaead302d3,0.18049539780121054,0.0
Cardiomegaly,23ca1279bcbf10d8dc39e769e145a516,0.6786090585685439,0.0
Cardiomegaly,23e3c7a5073d74c1d2daed5ad73fb254,0.5119961761220962,0.0
Cardiomegaly,24c408efe011f2d27322e93440221aa1,0.7022664285111523,0.0
Cardiomegaly,25c278c9f3eac8a0f53780aa5e615e23,0.5550710374939789,0.0
Cardiomegaly,25e383a85bad2e00064e7be23d745f50,0.5160554477897096,0.0
Cardiomegaly,27128ae2af0e160293897cd55c02993b,0.3758414680135567,0.0
Cardiomegaly,285cdfec4d725d327266833adf3ba9d5,0.48211026092471476,0.0
Cardiomegaly,2866813d0d8eeae54af11160adb68731,0.5442562481558263,0.0
Cardiomegaly,299057220a9508923d271ac70bff843b,0.42163403734076066,0.0
Cardiomegaly,2a3def0aa2b27bea4235348e5d4cf345,0.19264198132822705,0.0
Cardiomegaly,2a6d1ced2d75a229ea936e5f2dbbbe32,0.6338119682826512,0.0
Cardiomegaly,2bcbeee6ac875c40fd3adc070a35f46b,0.44179232983224614,0.0
Cardiomegaly,2c3979232fe659fb46d4ca12263e75d0,0.5694291025818078,0.0
Cardiomegaly,2cd31f05e3d0a2ebdf33e7a90fdc95ac,0.4015827925710009,0.0
Cardiomegaly,2d6c36cb32352b891ef90fb11f3215f7,0.6563882570121374,0.0
Cardiomegaly,2e37a70ea49570b31cb4b83e5a109a7e,0.4922970890899073,0.0
Cardiomegaly,2e6afc683a445f6e88ab4a101618f718,0.5670532389984493,0.0
Cardiomegaly,2f4f119515e7a3c9b76c704caf75976f,0.4371813009139357,0.0
Cardiomegaly,3115c1b6368f91b45f691edbd63f1a78,0.4797473199728817,0.0
Cardiomegaly,315749c6f7397c42913f97db8388f4c2,0.5494734760647979,0.0
Cardiomegaly,3167f8c1907895bbfcd0effb6b25ce5a,0.5351223804927026,0.0
Cardiomegaly,31873abb42a5af56c33d1681971d014b,0.7070719659767305,0.0
Cardiomegaly,325fece9273ff0bf0ea08a42fe24626d,0.5814388798403257,0.0
Cardiomegaly,3283c0e38a77249f38ca0c949862726a,0.5107226524204549,0.0
Cardiomegaly,330b3939ea1fe042ad347e8d02abc393,0.7236133694897484,0.0
Cardiomegaly,33403064ce25caa5fda270e6158c6b03,0.5614083611874086,0.0
Cardiomegaly,3368f56c5e66bc4f6111b5cf5d701f30,0.14510951924209736,0.0
Cardiomegaly,33b032af243d6b7db06155b99964cbd2,0.7045966721755564,0.0
Cardiomegaly,34557d39d42d74a3355d509f340cfc8a,0.5503564172318965,0.0
Cardiomegaly,345639c3ba00cacecffade02ebad61ba,0.38397948420256367,0.0
Cardiomegaly,359d3ca7c71e4d786af7380c78fea10d,0.5946979112559022,0.0
Cardiomegaly,368befaff55745e30b3f200b298b2fd6,0.32801712287240387,0.0
Cardiomegaly,39095bfc67751891aebabdeeb8b89f5a,0.6717512462325842,0.0
Cardiomegaly,3a9cdb601e0845a3e6b45c808fb75bc4,0.5612610114364379,0.0
Cardiomegaly,3f59f95dab9548ad6cbbd7eec034bd57,0.46711838714774273,0.0
Cardiomegaly,3fd0af8df0d247cb4d3c4a89fad6936d,0.6467819386579504,0.0
Cardiomegaly,3fd3aa2d64f365c666ce7de3d5352226,0.5188692250962097,0.0
Cardiomegaly,3fe37d132711f84805405defb3673681,0.5596624619926083,0.0
Cardiomegaly,4016b176eaf40d514b0559a0aeb48f21,0.6104013989006224,0.0
Cardiomegaly,40365f729045dde403d39546afc573a2,0.5516610987469984,0.0
Cardiomegaly,41cee81dbe9886a56b6c3ee56fb23448,0.4048459792900833,0.0
Cardiomegaly,41fb428a3813d4efe0f1031d9bff16df,0.6492717593121834,0.0
Cardiomegaly,42288fde1946f3c9261a97405741979c,0.4748693108202138,0.0
Cardiomegaly,42d2ad470aec5b121fb71822abcecd69,0.6268801556162525,0.0
Cardiomegaly,430e3d75b2b3924e82d5fcf9bec84e8b,0.7254431171033346,0.0
Cardiomegaly,43d5a4a18c3228cf1060d24a9407036c,0.6450859495944535,0.0
Cardiomegaly,4500dc880a0978a7a1f91a0be2756806,0.40092549366449287,0.0
Cardiomegaly,457e53f750c2f152033022e7918cc296,0.4698338051352448,0.0
Cardiomegaly,458dac26200d54d8be49a43e001dc7da,0.6752724819692963,0.0
Cardiomegaly,46ddca654164928e6c422e3e2eb24f9e,0.6583424988777126,0.0
Cardiomegaly,47b5f7251d5c95b57e1fd1263587c2bb,0.3196751409069583,0.0
Cardiomegaly,48bb4ad46a1a86fd959ddb23e5bf3618,0.26650682845351753,0.0
Cardiomegaly,48c44319fb3ad32555821ee0c74e6719,0.5436653543597814,0.0
Cardiomegaly,497a208d6060186f0bf3d7ebcf57fc02,0.492890169139167,0.0
Cardiomegaly,4a24da485b9550c8df8b19caff945cdc,0.2127749194715906,0.0
Cardiomegaly,4b56bc6d22b192f075f13231419dfcc8,0.3985998097548653,0.0
Cardiomegaly,4ba445edf32750faf59f06cb09f1ed93,0.5816342588186716,0.0
Cardiomegaly,4c4a83fb016a133dcc7a868e7eb229e7,0.5756439381061014,0.0
Cardiomegaly,4ce311cd58824cdd3b6ca3e0878bb9c1,0.588100040629695,0.0
Cardiomegaly,4ddc546539907c6884564c6711e6e8f6,0.3899303326638609,0.0
Cardiomegaly,4de285a2425fae1e19bb809500afb721,0.18780030447481447,0.0
Cardiomegaly,4e1c7c8139ca923967f318edb0fec0e6,0.41309793923629157,0.0
Cardiomegaly,4f15e82336d2e7505d4c9d757d6b1e68,0.6174277738343116,0.0
Cardiomegaly,51422a086cffde581d437b25a71f2b20,0.6348987410159825,0.0
Cardiomegaly,5156d69e540648eb952371ec5c80bc81,0.17874112063258005,0.0
Cardiomegaly,52951d7de2485aba8ed62629eee4d254,0.5953154266998688,0.0
Cardiomegaly,5308d2b6f06e98bd8e7c16ed6124aff1,0.17243970975567988,0.0
Cardiomegaly,53b894bd3ec511ae4bec7b5b47ce260a,0.6200535062791287,0.0
Cardiomegaly,543278633eea00a31aa950d65ad504c3,0.6502809795625948,0.0
Cardiomegaly,54c0150631b47cb729930541e54f3deb,0.6646848769445356,0.0
Cardiomegaly,54d7976f3b2da92eafd691971f78ea2b,0.5095887009128396,0.0
Cardiomegaly,55a6f35d1fc71adbb833ae726a42e46e,0.44605991112017895,0.0
Cardiomegaly,56ff7fcebb05ad791d43e5b043f7d405,0.466707822350571,0.0
Cardiomegaly,575b98a9f9824d519937a776bd819cc4,0.2760303002237742,0.0
Cardiomegaly,57d5e49e640aef3fae44cdac47be5ba9,0.5807824138176333,0.0
Cardiomegaly,5895fa847d7ce6fbc0c1ad1ca998b613,0.19280334337915087,0.0
Cardiomegaly,59a3b8e835e1468ba834b05256198d4b,0.6967238484201103,0.0
Cardiomegaly,5a80ba9453fa7f5833b04190e6f7dbf5,0.5687896709652106,0.0
Cardiomegaly,5b05df19287bc68ead3011b06492d5e9,0.5260001384324664,0.0
Cardiomegaly,5b50aaeb4070f03384ce3173afe0bdcd,0.5255792964736861,0.0
Cardiomegaly,5e3b89e075787f07cfccd64d9182f149,0.6020589334162617,0.0
Cardiomegaly,5ed9dc88e3fc76c9cb834ed274994ebf,0.5427705561622362,0.0
Cardiomegaly,5f09150b3d82a8e7103c7777278389dd,0.5317938617100675,0.0
Cardiomegaly,5f21557d7c24e3f023db5c6e866b5119,0.6328427953190424,0.0
Cardiomegaly,60d769f30bc9d356998abeeba51fa6ff,0.3449836783596306,0.0
Cardiomegaly,611077472d2fc78135ad2ad32059888e,0.6661759727307097,0.0
Cardiomegaly,614b0af08224c7163278ff78abc8bad7,0.5843257782442909,0.0
Cardiomegaly,6206fcafbe92f484f03def2b5074a8a8,0.36576355792643966,0.0
Cardiomegaly,66728ec6afc52c3ebc77242449757162,0.6724233159464501,0.0
Cardiomegaly,66ca165889a2837cc8534141b6441976,0.6298361336224535,0.0
Cardiomegaly,66d058ae8aa6b41111cab2259989eddb,0.35677392492027127,0.0
Cardiomegaly,66e47c15c146fd0f6fb29adf167532ee,0.5206133582324539,0.0
Cardiomegaly,68122971781f688cce53b8700e0da080,0.5870733223507244,0.0
Cardiomegaly,68ad460a32591dc2d5d522e9c913cad8,0.5270140855532272,0.0
Cardiomegaly,6a53a62b736fb59c4e2c35f99778656f,0.24800840817877448,0.0
Cardiomegaly,6ab69f995bbbc0522d8819fec2cf1d3b,0.6307622770271001,0.0
Cardiomegaly,6bb7769006f10cb8681b95246a90902c,0.7021551058173079,0.0
Cardiomegaly,6d1ae9283e8be51b5057a189f53bef03,0.615041353927018,0.0
Cardiomegaly,6d2ea40c6bdeaf8c3c7be4ae9125834e,0.5482431865668783,0.0
Cardiomegaly,6dc54c273e24de333f3fdd060f74faa1,0.4517071949671922,0.0
Cardiomegaly,6e3dce43de58cedd6cca477f98b6c94f,0.06198560444985354,1.848020392679461e-221
Cardiomegaly,6f79bc390fe626dd3ad6a8cb36116254,0.4339797525870222,0.0
Cardiomegaly,7052aefb2cae8274a2dedc9e21714d96,0.6603684954020844,0.0
Cardiomegaly,70dc4cdf5377a5daa9628a456390ed93,0.34298293194739227,0.0
Cardiomegaly,71ab1b7b29ed23f9c8a5ad1db0e2cbf5,0.6466855125139997,0.0
Cardiomegaly,735023a2b17a5222636abc2784772804,0.6406795762792803,0.0
Cardiomegaly,7519a77c0a9036cf63d56d53f708965a,0.5510923024288518,0.0
Cardiomegaly,768f286b65425e98e6d03fa3bd1c5ded,0.6829789527553535,0.0
Cardiomegaly,76b94abea3d34cdea83ca5011ccab53a,0.6859780917210695,0.0
Cardiomegaly,78128e6e9a6b5cf69bcc8cc1062d845b,0.4114218963472827,0.0
Cardiomegaly,7841614f51ed3dfd1c3177a52493c56b,0.5635550892862772,0.0
Cardiomegaly,7af1da4ba8580aa54a0bfce36071c8d9,0.36253694182399543,0.0
Cardiomegaly,7aff3521c214e535c920bdbd0b1a8a45,0.3787057171806302,0.0
Cardiomegaly,7bd83b3d3af0ea8150c8f2a737712db1,0.46067673646501967,0.0
Cardiomegaly,7c22cee85ef4ace76782964772819043,0.6168685341205472,0.0
Cardiomegaly,7c6bf9b40c9b53c6b49b00c0fa1e61e5,0.61257995685551,0.0
Cardiomegaly,7c76f17be369b75874a62917c8daa626,0.32419091692276614,0.0
Cardiomegaly,7d97de8bdefaf9875ce1491518cc8199,0.48715799393350795,0.0
Cardiomegaly,80234017eb6caeada9e14d421eb0b8f8,0.6042728126433382,0.0
Cardiomegaly,812dd976fb73bfdcacdb61a6fc2bb957,0.6010736034750952,0.0
Cardiomegaly,81b2b950caf9b6c1f2ba9162f3fd259b,0.4549115992691978,0.0
Cardiomegaly,84c87b7beb63b5b3ac76ed9da17c7033,0.16083503225405638,0.0
Cardiomegaly,852ec6a0bcb9608ffee9b3fda0867f91,0.5463209086255834,0.0
Cardiomegaly,87222168e0c854adc8d38ecf9715361f,0.556036983521052,0.0
Cardiomegaly,87263262e293c23ec2d03b174ef4ff64,0.6422006852334672,0.0
Cardiomegaly,87a8df2f22475c7200ebe891d0f25b88,0.36753717227340194,0.0
Cardiomegaly,87d6a8f38b07e64a2d2bd2e1594a44bf,0.6636099021241924,0.0
Cardiomegaly,8829ec5d02b48e5f5349b0cde4ddb30b,0.5868821618583744,0.0
Cardiomegaly,89e6ab133f587191383608ee04cea79a,0.6024092172964354,0.0
Cardiomegaly,8a9f6de8179f600733be50c16c7b929e,0.5081184599430543,0.0
Cardiomegaly,8bc2410a31ef52ddb3e2d41cbe1ea7ff,0.6454795956843944,0.0
Cardiomegaly,8d435f703d51586aa164b24e5ec3b9b0,0.37433260733671936,0.0
Cardiomegaly,8db8173d076bab7a3fcc6656a0b3c15a,0.44166831552631175,0.0
Cardiomegaly,8e8f6687544bfcd254e60e5e28b260d6,0.12477220368957737,0.0
Cardiomegaly,8eb38ce22b1b5323c2dad3a92c79e1bd,0.29398924374617685,0.0
Cardiomegaly,8fcbf4c0ba3178b938cc3c80df975fe3,0.4796243555772744,0.0
Cardiomegaly,8fd4e7599250d006e579f1ffcb28b1b1,0.598826086035021,0.0
Cardiomegaly,90a27c3ac3327ddb800b2ae9bcc27ac6,0.4359430260365487,0.0
Cardiomegaly,9174dcffa34a6ea52cff8a626864de26,0.701642051613307,0.0
Cardiomegaly,91e721ea0143333c5efe5dfb8ca98746,0.2993558960912139,0.0
Cardiomegaly,92c8ef82a9059eade4fd85c649f3b1fe,0.6046263396842987,0.0
Cardiomegaly,93067baae2937e61291bac49adb5308a,0.6202874212206487,0.0
Cardiomegaly,930a3d2c506f5035a1aa301b401f6fec,0.5970387474984644,0.0
Cardiomegaly,9369d8c9b16544b4f5c2d953f972a87c,0.586858679055761,0.0
Cardiomegaly,9446be5a692accfa901d612a1e2a4c72,0.08594870029541662,0.0
Cardiomegaly,95b097144aebefbb161afb3acc62381b,0.6014753313581336,0.0
Cardiomegaly,96e6dbf6148db615d730bdc0d5d76785,0.523357037653914,0.0
Cardiomegaly,97fd4f6e94b84fc564ae30aec660e443,0.5753463159005281,0.0
Cardiomegaly,98e2d03f7e9ba87b4922b35347866fc4,0.5721318716338574,0.0
Cardiomegaly,9a5094b2563a1ef3ff50dc5c7ff71345,0.5009754069502959,0.0
Cardiomegaly,9b091aa027eeb034fc8fe803692028a0,0.5275216355573568,0.0
Cardiomegaly,9cb5ed4b6f4a25b2ac497159f7b1b82b,0.6342354070046431,0.0
Cardiomegaly,9ce5d86c2dcaacd045d5f52587e41247,0.45784554701231367,0.0
Cardiomegaly,9d366d706dc228d1721d3f16b139221f,0.6666959039776048,0.0
Cardiomegaly,9de44540163b68efbaae0d0c2b704b4a,0.5099057142032937,0.0
Cardiomegaly,9def44a5c7f43c29e24752e03add7809,0.6747928633773763,0.0
Cardiomegaly,9f2360f56f61751a254678ec0adbc77d,0.32477422495751584,0.0
Cardiomegaly,9fd7ae7f030dbd0185a3984704dcdc5d,0.2600699649829216,0.0
Cardiomegaly,a2509450b933cc298fbc4f25ed31baba,0.4640747224063679,0.0
Cardiomegaly,a3106645d9ff642b102c1fae08356865,0.48233897720995667,0.0
Cardiomegaly,a36676c626033075ddd0487e29489cc2,0.419564969622971,0.0
Cardiomegaly,a3d5137d2817fa1a7497352d16b31b20,0.369055365091735,0.0
Cardiomegaly,a3ddfa552c6cd137bf46a5db89f5a2ce,0.571514860904914,0.0
Cardiomegaly,a40a4c976a48e21acd6a2cd3d71cac4f,0.08764659333139609,0.0
Cardiomegaly,a45407e8b1daab75a1217b65de60c29d,0.3033296160180869,0.0
Cardiomegaly,a4e387b2c288194660b20ca771d16ad6,0.5864881111408361,0.0
Cardiomegaly,a593d4aa6d8d9dbe2139c6c3889535eb,0.45213972321389684,0.0
Cardiomegaly,a5a2a3b02ccb9c3145d553d269e4b0b8,-0.03539766581655321,1.8746827577245095e-73
Cardiomegaly,a786432eef4d2c8117ae53da8648cbce,0.6731617975818995,0.0
Cardiomegaly,a7eaf74178c4aca851e331b2c8503ff1,0.30196985920141695,0.0
Cardiomegaly,a838e79ba2e9716bc790a76f7ae1c94e,0.6269232595955766,0.0
Cardiomegaly,a87dc1505bcdb64c00c84b096799bdab,0.5814458394968169,0.0
Cardiomegaly,a8d64d95235580532652f69ce634b687,0.6616066534077715,0.0
Cardiomegaly,a9a29ae5fc19afe7e720cf97be94160f,0.6988793209599377,0.0
Cardiomegaly,a9d588e278a7f8a681c1160a32e1673a,0.7122433039801175,0.0
Cardiomegaly,aa4370e72e37cb955a24369f7fc9f35f,0.5853279234871459,0.0
Cardiomegaly,aa84f25fcbe7ca4ff31053a0a7de0f9a,0.45910468834293416,0.0
Cardiomegaly,abffa843a8032bc9d0fd85b85ee99ca3,0.6692648808809627,0.0
Cardiomegaly,ac07b01154a498c1e5bec041f620fa96,0.5665908315313075,0.0
Cardiomegaly,ad14d47f4b21f0c9d8f47c9570e6135e,0.7420652687325892,0.0
Cardiomegaly,ad86f42123384e2441cce36347aa7d1a,0.4554131315624433,0.0
Cardiomegaly,adaf0261d0c111e5928ba94ab6b36e2d,0.6021366535128329,0.0
Cardiomegaly,ae127045cca13da6dbfee11df1f08c7e,0.32590548545879366,0.0
Cardiomegaly,b01037a08ba72220deddf845bfd02466,0.363007507681928,0.0
Cardiomegaly,b293d02e9eb0ddf6f13ae424f3aec2b1,0.5542128848172426,0.0
Cardiomegaly,b4105a81821522d6bfe3d18d9b757eb4,0.6135049775780922,0.0
Cardiomegaly,b4c00291b57d489dbe6665c789c6d360,0.6535880462943247,0.0
Cardiomegaly,b5632581be1d7da89d9d01a9983c4afa,0.24490037512295504,0.0
Cardiomegaly,b9a2c726f8a39ea3cc841fa6d3100cc6,0.5850337121049163,0.0
Cardiomegaly,b9b2a7a46b88db57379c59db58cc2228,0.5158024813521056,0.0
Cardiomegaly,b9e484fa14cf5877736daa59b2ce2b24,0.5691844451763348,0.0
Cardiomegaly,bc7483c563cf172e46390a235cdc63b9,0.44748824820984984,0.0
Cardiomegaly,bd931b74386e3e3f2934b1741c77d5b1,0.33753474635390945,0.0
Cardiomegaly,bda862be2d20d538b558300c97b8255c,0.10928933581470093,0.0
Cardiomegaly,bdeeec185619e393d3cbd8f532f95c15,0.5233109131954902,0.0
Cardiomegaly,be3bbacb9b3c148eae9549bce68bf0db,0.5594010124570186,0.0
Cardiomegaly,bf0ac90b81bd62e7444fbe3142506e3d,0.42593172135322477,0.0
Cardiomegaly,bf5c7a815313c2d2853494cf766237b5,0.7161458250599085,0.0
Cardiomegaly,c1b09655bffba16895cfed1be6ccdf6d,0.6212946121038372,0.0
Cardiomegaly,c2f51a2b9785c772ef611db089bf528e,0.42116977248831244,0.0
Cardiomegaly,c351e3875444070992012c35126bf41f,0.6676031264873786,0.0
Cardiomegaly,c399b71d7f853206cdf9bfa916252b4d,0.5070575219340375,0.0
Cardiomegaly,c439d7071a6929d38db1b86e577806c3,0.36026507869271135,0.0
Cardiomegaly,c4e6dda386e88a2c9164f19024359f45,0.49324615845217895,0.0
Cardiomegaly,c516ff097d60479f58a797cefad2c80f,0.4041594107927813,0.0
Cardiomegaly,c5326a0f289b91e4fe88b86d5b00a7bd,0.3219209529081078,0.0
Cardiomegaly,c55486a359cc99e2d1518ceba3020967,0.3689649682132323,0.0
Cardiomegaly,c599c619d44a05ed87854caa6977fd18,0.40285075471043325,0.0
Cardiomegaly,c5ad7caaee32f3d5647a993ab299b1c1,0.4778968239129639,0.0
Cardiomegaly,c5eb5f71bfa01fe274e5f6a19f6006ed,0.7483647362492036,0.0
Cardiomegaly,c67b6e145e57b4fbd4db367f114bd879,0.6375852840019232,0.0
Cardiomegaly,c6f36808b0208f5011ecb1ea21aef1b3,0.48825885774902555,0.0
Cardiomegaly,ca6ad3f597ed0079bf27187e72855c15,0.5860845883915292,0.0
Cardiomegaly,cc5ca13d504354fc7c1e75bf2ca9857b,0.21182421586722994,0.0
Cardiomegaly,cd1290a0b49dd799d0c77475b1953868,0.3598346391306388,0.0
Cardiomegaly,cd42d4220f19d14291f1cf7c2a194f07,0.47618193567729794,0.0
Cardiomegaly,ce229a03f797a78f5c482af89d78c988,0.34209626947923755,0.0
Cardiomegaly,cf4d4dc28551c17c0d33d0326d4a201b,0.6330252262661247,0.0
Cardiomegaly,cffa67149b86b1359623d25f061a2063,0.36336864419745024,0.0
Cardiomegaly,d0ea942db524a895c4bc433e03c3cd3a,0.41557646969536255,0.0
Cardiomegaly,d0f5c4ab003b51700ba82fab2eeef905,0.21189759162664368,0.0
Cardiomegaly,d142a0fed8a258c8093a0e0e9c4e48ce,0.30029430632356563,0.0
Cardiomegaly,d15e6278a65dfc72e8a437c5836ba4a6,0.4578545919259512,0.0
Cardiomegaly,d44deb5774617d3e89893bae3994489f,0.23387005196207777,0.0
Cardiomegaly,d45374a1b323c34b8418b36b819783e3,0.527513143827944,0.0
Cardiomegaly,d4a201049322f6130e8ee837c22ed803,0.17244059716667343,0.0
Cardiomegaly,d4b495a674f603616f7f418f41e4e0bf,0.42171963413524854,0.0
Cardiomegaly,d513454347dd168afa0b6bb6c328a2ee,0.26798817048794066,0.0
Cardiomegaly,d5203efda6708309bae1c60534f16192,0.341951196027762,0.0
Cardiomegaly,d55bf1212f45e38da405d8bde20f6a7d,0.5595303105403867,0.0
Cardiomegaly,d5e37f977eb0774ed01dda67ba31adb2,0.4930735689615129,0.0
Cardiomegaly,d7049d549349da79c6fce9744a52e470,0.4020374035403681,0.0
Cardiomegaly,d7210d8d2f377ab74e46acfb4a158e79,0.6090763025306039,0.0
Cardiomegaly,d936f8115e8be8a46c5933decd3b6b94,0.42831869498818204,0.0
Cardiomegaly,db33ef6234c141325aa449789c23d869,0.13541036502054474,0.0
Cardiomegaly,db49c96665f4fe0ff5f4420578e2f185,0.15958941530793577,0.0
Cardiomegaly,db8cef631031c241d7eea067c09fde94,0.3490151800002261,0.0
Cardiomegaly,dbcfcf58619fc013b719b680aa71b91b,0.11223475986616685,0.0
Cardiomegaly,ddc38d560476be1d8fc06f8867c0277b,0.36223448187759555,0.0
Cardiomegaly,ddfe291fa3e2d21ce8681a2e9e4b300a,0.4324140352510583,0.0
Cardiomegaly,de45e56d725f9c1e2d3dec69587b2682,0.6073884747257109,0.0
Cardiomegaly,dfb91e05ce090dbd08177c0b4531dae3,0.4673777692994912,0.0
Cardiomegaly,e1a4353d3e747a7150cb06cac73f4d6f,0.4312548764563349,0.0
Cardiomegaly,e1e596163010acb347ac7fa1a48d8d9c,0.3457063654698533,0.0
Cardiomegaly,e4ef5698e1570bed158879d7b5ab20f7,0.6385369528445518,0.0
Cardiomegaly,e529c5465cafd94ee9a3b38f7267523a,0.570285097741365,0.0
Cardiomegaly,e531672ae6083e717cbe83d7fc71ddda,0.6610685219089922,0.0
Cardiomegaly,e722a8f83ef80b62f5b6d73828e1f760,0.41495740115538793,0.0
Cardiomegaly,e7a58f5647d24fc877f9cb3d051792e2,0.33140018188269815,0.0
Cardiomegaly,f4c97bfedbc71ab64cf312ea2962971e,0.5112533597087952,0.0
Cardiomegaly,f52c1bf308db55a73521eb1a048b1c92,0.240030929781547,0.0
Cardiomegaly,f5f1591393eb38f422ba01ece830b176,0.48976271065270327,0.0
Cardiomegaly,f7793fee61ea241a3fc07b927e4914f6,0.4874940333192949,0.0
Cardiomegaly,f78a44efd6e19fe5e6f71247a4d97126,0.27100596687144024,0.0
Cardiomegaly,f8c4ffc718ece871a52ab5f63b04b41c,0.6247092572440068,0.0
Cardiomegaly,f8f1d67dcbeb7badd781e2a0f30e020e,0.4788827844671792,0.0
Cardiomegaly,fb2b28e4c2d24f22d4f67804eef69ecf,0.4337561395972787,0.0
Cardiomegaly,fbfa7706ae60ef2f3f18211269a8d2ac,0.26625694068967404,0.0
Cardiomegaly,fc34c8cc6321cfc97ec35783a5daa937,0.6137771973035325,0.0
Cardiomegaly,fcf451b16c4dd6fe2f066ad3d471cbdd,0.5249384965448481,0.0
Cardiomegaly,fd984c0e930169a20e6a2d02e1dab204,0.6319331929618067,0.0
Cardiomegaly,fdbf6600541e76b3b009a11cae0f91c3,0.4207587294718705,0.0
Cardiomegaly,fdd529400be877bedaf4f2df9176cedf,0.5570123936816057,0.0
Cardiomegaly,fdf40431c67d1e10a8d9ff3c0060b1fa,0.5980767224775613,0.0
Cardiomegaly,e7ee695015acda8604f34f0da3849efb,0.5210687612536817,0.0
Cardiomegaly,e857debbed22981f3fce009cac3031db,0.4271059718672341,0.0
Cardiomegaly,e8cccc190246b1950b4eaa9433f295f3,0.3968043722881771,0.0
Cardiomegaly,e99ba43b91cf30a1df2c4c4adfe7c3b1,0.4852142075041687,0.0
Cardiomegaly,eaa4b09922cfd1c4130787403173e93a,0.1510107841701784,0.0
Cardiomegaly,eb268b0b19f47cf268626dafc1d6f45f,0.6514948473137896,0.0
Cardiomegaly,ebb0f756621fb2c6dcfa2b82d4fc8ed8,0.38867013074732093,0.0
Cardiomegaly,ecef71a87df9aee5cca62966f95d9f26,0.6026919044136984,0.0
Cardiomegaly,ed1a545ab109f23cd065a5e5e512df1a,0.6454988030784646,0.0
Cardiomegaly,ee253aab2bfa090c01a596a449159233,0.5375789552911167,0.0
Cardiomegaly,eeee9953810eee9388b3a0c5a4ad4ef6,0.38910619750451225,0.0
Cardiomegaly,f1be25d4ee46f32d585fd6c809c92329,0.29836356327314206,0.0
Cardiomegaly,f1e4056384e1926c3ae33882e0dc00cb,0.1826727112275161,0.0
Cardiomegaly,f332f8f1673ac8dbf2d755540520a511,0.3533214036282678,0.0
Cardiomegaly,f36cb2ce4ae7b6e960550542a99a9bff,0.5527977572047895,0.0
Cardiomegaly,f3d513a22e62ef6dae79d398cd1462e8,0.39740587834418484,0.0
Atelectasis,683ec9af11ca7fe33686ddce989d3768,0.46442116096729685,0.0
Atelectasis,7fd93d9774bd704ebd2f9933d6f98df8,0.400248784552249,0.0
Atelectasis,888880bfaaf252cc1f400ff43ee21451,0.5232264049590559,0.0
Atelectasis,a68ee14d5193f59a98c5ff0e150c8174,0.49399212778014623,0.0
Atelectasis,af201da8a5f8354c4c3291995d5cbafd,0.161256896435363,0.0
Atelectasis,b6c1ab12c31f8330977696c199b0592a,0.48111433733510434,0.0
Atelectasis,d1713f5cf5838c1592e5f712b5d4928e,0.3081992401283878,0.0
Atelectasis,e1e596163010acb347ac7fa1a48d8d9c,0.33563119321433815,0.0
Atelectasis,ef85cda3a115da5e7399342ac986d489,0.39068916785103447,0.0
Atelectasis,f9004576db9e423ddce7bc64608e2aed,0.3152561980400303,0.0
Atelectasis,fa9cd1a78a6d2d8d6e918a8c4125faf4,0.4158345134412564,0.0
Atelectasis,fb511731a1fc742451a090891ebaa0ce,0.14299191740874914,0.0
Atelectasis,fbfa7706ae60ef2f3f18211269a8d2ac,0.2693843630338576,0.0
Atelectasis,01570ee44031e4ebab6031501293bf66,0.6249867953247348,0.0
Atelectasis,0a425edf1164ad0a73e8b092c4cc8b3b,0.3941053454299332,0.0
Atelectasis,0abd4fc2425edd5c2efb2c149e9319c6,0.30547272712384843,0.0
Atelectasis,167a1190bb99a8d01efdd75802745376,0.47182650241413304,0.0
Atelectasis,1fce42f55a0de66eb161fc831cd33cc3,0.3751644255858493,0.0
Atelectasis,25207f1f73016eb9d84327860e5c9b49,0.6418278686264445,0.0
Atelectasis,2ebb05b4c603d590854c621fa4f1fd5c,0.025052239074662298,1.1325065825732189e-37
Atelectasis,2f3264d3c0a52bb2e280855bcfd35733,0.48980634645589083,0.0
Atelectasis,3c63e58fcda26e02fdd6619515399985,0.47313553148935394,0.0
Atelectasis,4d911f55a3576833aa411f5718c8021e,0.630671757792846,0.0
Atelectasis,508083b00dfef2ea10fe2aebee580990,0.5393221602722509,0.0
Atelectasis,5ff1e6bd7cb14179a70db035d3aa6ba6,0.012575782049399261,1.202439491675861e-10
Atelectasis,66c570971c7df4782e3dfb9e74f0dd1e,0.3768248695603029,0.0
Atelectasis,682008cffca1751980b4010f4e82520d,0.3617171682020788,0.0
